model,test_accuracy,test_precision,test_recall,test_f1,roc_auc,best_epoch_f1,total_params,trained_at
CNN with Attention,0.9685214885693315,0.9253162627648225,0.9008755008161449,0.9129323308270677,0.9898317215875481,0.9129323308270676,2135571,2025-10-28 21:43:01
