model,test_accuracy,test_precision,test_recall,test_f1,roc_auc,total_params,trained_at
CNN with Attention,0.9602576997308832,0.8828907270352634,0.9028045704110402,0.8927366104181952,0.9873012449507509,1866114,2025-10-28 22:13:27
