model,test_accuracy,test_precision,test_recall,test_f1,roc_auc,total_params,trained_at
CNN with Attention,0.9664827248756355,0.9053297997644287,0.9124499183855171,0.9088759145665509,0.9873012449507509,1866114,2025-12-10 22:13:27
