model,threshold,accuracy,precision,recall,f1
XGBoost,0.4,0.9585179547122625,0.8847232472324723,0.8894494732156106,0.8870800651176558
